"id"	"BuiltInCategory"	"Type"	"Name (ENU)"	"Name (PTB)"
-2000011	"OST_Walls"	"Model"	"Walls"	"Paredes"
-2000014	"OST_Windows"	"Model"	"Windows"	"Janelas"
-2000023	"OST_Doors"	"Model"	"Doors"	"Portas"
-2000032	"OST_Floors"	"Model"	"Floors"	"Pisos"
-2000035	"OST_Roofs"	"Model"	"Roofs"	"Telhados"
-2000038	"OST_Ceilings"	"Model"	"Ceilings"	"Forros"
-2000051	"OST_Lines"	"Model"	"Lines"	"Linhas"
-2000080	"OST_Furniture"	"Model"	"Furniture"	"Mobiliário"
-2000083	"OST_ReferenceLines"	"Annotation"	"Reference Lines"	"Linhas de referência"
-2000095	"OST_IOSModelGroups"	"Internal"	"Model Groups"	"Grupos de modelo"
-2000100	"OST_Columns"	"Model"	"Columns"	"Colunas"
-2000107	"OST_GuideGrid"	"Annotation"	"Guide Grid"	"Eixo guia"
-2000120	"OST_Stairs"	"Model"	"Stairs"	"Escadas"
-2000126	"OST_StairsRailing"	"Model"	"Railings"	"Guarda-corpos"
-2000133	"OST_StairsRailingTags"	"Annotation"	"Railing Tags"	"Identificadores de guarda-corpo"
-2000150	"OST_GenericAnnotation"	"Annotation"	"Generic Annotations"	"Anotações genéricas"
-2000151	"OST_GenericModel"	"Model"	"Generic Models"	"Modelos genéricos"
-2000160	"OST_Rooms"	"Model"	"Rooms"	"Ambientes"
-2000170	"OST_CurtainWallPanels"	"Model"	"Curtain Panels"	"Painéis cortina"
-2000171	"OST_CurtainWallMullions"	"Model"	"Curtain Wall Mullions"	"Montantes de parede cortina"
-2000173	"OST_CurtainGrids"	"Model"	"Curtain Grids"	"Eixos cortina"
-2000180	"OST_Ramps"	"Model"	"Ramps"	"Rampas"
-2000190	"OST_FilledRegion"	"Model"	"Filled region"	"Região preenchida"
-2000191	"OST_PlanRegion"	"Annotation"	"Plan Region"	"Região da planta"
-2000193	"OST_Matchline"	"Annotation"	"Matchline"	"Linha coincidente"
-2000194	"OST_MaskingRegion"	"Model"	"Masking Region"	"Região de máscara"
-2000196	"OST_ImportObjectStyles"	"Model"	"Imports in Families"	"Importações nas famílias"
-2000197	"OST_ReferenceViewerSymbol"	"Annotation"	"View Reference"	"Referência da vista"
-2000198	"OST_ReferenceViewer"	"Annotation"	"View References"	"Visualizar referências"
-2000200	"OST_Sections"	"Annotation"	"Sections"	"Cortes"
-2000201	"OST_SectionLine"	"Annotation"	"Section Line"	"Linha de corte"
-2000220	"OST_Grids"	"Annotation"	"Grids"	"Eixos"
-2000223	"OST_DisplacementPath"	"Annotation"	"Displacement Path"	"Caminho do deslocamento"
-2000240	"OST_Levels"	"Annotation"	"Levels"	"Níveis"
-2000260	"OST_Dimensions"	"Annotation"	"Dimensions"	"Cotas"
-2000263	"OST_SpotElevations"	"Annotation"	"Spot Elevations"	"Elevações de ponto"
-2000264	"OST_SpotCoordinates"	"Annotation"	"Spot Coordinates"	"Coordenadas de ponto"
-2000265	"OST_SpotSlopes"	"Annotation"	"Spot Slopes"	"Inclinações no ponto"
-2000266	"OST_RoofTags"	"Annotation"	"Roof Tags"	"Identificadores de telhado"
-2000267	"OST_Assemblies"	"Internal"	"Assemblies"	"Montagens"
-2000268	"OST_AssemblyTags"	"Annotation"	"Assembly Tags"	"Identificadores de montagem"
-2000269	"OST_Parts"	"Model"	"Parts"	"Peças"
-2000270	"OST_PartTags"	"Annotation"	"Part Tags"	"Identificadores de peça"
-2000279	"OST_Views"	"Internal"	"Views"	"Vistas"
-2000280	"OST_TitleBlocks"	"Annotation"	"Title Blocks"	"Blocos de margens e carimbo"
-2000300	"OST_TextNotes"	"Annotation"	"Text Notes"	"Notas de texto"
-2000301	"OST_SectionBox"	"Annotation"	"Section Boxes"	"Caixas de corte"
-2000302	"OST_RenderRegions"	"Annotation"	"Render Regions"	"Regiões de renderização"
-2000303	"OST_AnalysisResults"	"Model"	"Analysis Results"	"Resultados da análise"
-2000304	"OST_AnalysisDisplayStyle"	"Model"	"Analysis Display Style"	"Estilo de visualização da análise"
-2000340	"OST_CurtaSystem"	"Model"	"Curtain Systems"	"Sistema de cortina"
-2000350	"OST_ContourLabels"	"Annotation"	"Contour Labels"	"Cotas de curva de nível"
-2000400	"OST_SectionHeads"	"Annotation"	"Section Marks"	"Marcas de corte"
-2000450	"OST_WindowTags"	"Annotation"	"Window Tags"	"Identificadores de janela"
-2000460	"OST_DoorTags"	"Annotation"	"Door Tags"	"Identificadores de porta"
-2000480	"OST_RoomTags"	"Annotation"	"Room Tags"	"Identificadores de ambiente"
-2000485	"OST_MEPSpaceTags"	"Annotation"	"Space Tags"	"Identificadores de espaço"
-2000501	"OST_Camera_Lines"	"Annotation"	"Cameras"	"Câmeras"
-2000510	"OST_Viewports"	"Annotation"	"Viewports"	"Viewports"
-2000515	"OST_ViewportLabel"	"Annotation"	"View Titles"	"Títulos da vista"
-2000530	"OST_CLines"	"Annotation"	"Reference Planes"	"Planos de referência"
-2000535	"OST_Elev"	"Annotation"	"Elevations"	"Elevações"
-2000536	"OST_CropBoundary"	"Annotation"	"Crop Boundaries"	"Limites de recorte"
-2000537	"OST_Callouts"	"Annotation"	"Callouts"	"Chamadas de detalhe"
-2000538	"OST_CalloutHeads"	"Annotation"	"Callout Heads"	"Extremidades de chamada de detalhe"
-2000539	"OST_CalloutBoundary"	"Annotation"	"Callout Boundary"	"Limite da chamada de detalhe"
-2000547	"OST_AnnotationCrop"	"Annotation"	"Annotation Crop Boundary"	"Limite de recorte de anotação"
-2000550	"OST_ColorFillLegends"	"Annotation"	"Color Fill Legends"	"Legendas de preenchimento de cores"
-2000560	"OST_RasterImages"	"Model"	"Raster Images"	"Imagens raster"
-2000570	"OST_ScheduleGraphics"	"Annotation"	"Schedule Graphics"	"Gráficos da tabela"
-2000573	"OST_Schedules"	"Internal"	"Schedules"	"Tabelas"
-2000700	"OST_Materials"	"Model"	"Materials"	"Materiais"
-2000710	"OST_ReferencePoints"	"Annotation"	"Reference Points"	"Pontos de referência"
-2000834	"OST_PathOfTravelTags"	"Annotation"	"Path of Travel Tags"	"Identificadores do caminho de deslocamento"
-2000900	"OST_AdaptivePoints"	"Annotation"	"Adaptive Points"	"Pontos adaptativos"
-2000938	"OST_StairsPaths"	"Annotation"	"Stair Paths"	"Caminhos da escada"
-2000940	"OST_StairsRunTags"	"Annotation"	"Stair Run Tags"	"Identificadores de lance de escada"
-2000941	"OST_StairsLandingTags"	"Annotation"	"Stair Landing Tags"	"Identificadores de segmentos de conexão de escada"
-2000942	"OST_StairsSupportTags"	"Annotation"	"Stair Support Tags"	"Identificadores de suporte de escada"
-2000944	"OST_StairsTriserNumbers"	"Annotation"	"Stair Tread/Riser Numbers"	"Números de pisos/espelhos da escada"
-2000955	"OST_LinkAnalyticalTags"	"Annotation"	"Analytical Link Tags"	"Identificadores do vínculo analítico"
-2000956	"OST_NodeAnalyticalTags"	"Annotation"	"Analytical Node Tags"	"Identificadores de nó analítico"
-2000957	"OST_AnalyticalPanelTags"	"Annotation"	"Analytical Panel Tags"	"Identificadores de painel analítico"
-2000958	"OST_AnalyticalOpeningTags"	"Annotation"	"Analytical Opening Tags"	"Identificadores de abertura analítica"
-2000970	"OST_MultiReferenceAnnotations"	"Annotation"	"Multi-Rebar Annotations"	"Anotações de múltiplos vergalhões"
-2000982	"OST_Coordination_Model"	"Model"	"Coordination Model"	"Modelo de coordenação"
-2000983	"OST_AnalyticalPipeConnections"	"AnalyticalModel"	"Analytical Pipe Connections"	"Conexões analíticas de tubulação"
-2000985	"OST_MechanicalEquipmentSet"	"Model"	"Mechanical Equipment Sets"	"Conjuntos de equipamentos mecânicos"
-2000986	"OST_MechanicalEquipmentSetTags"	"Annotation"	"Mechanical Equipment Set Tags"	"Identificadores do conjunto de equipamentos mecânicos"
-2000987	"OST_MechanicalEquipmentSetBoundaryLines"	"Annotation"	"Mechanical Equipment Set Boundary Lines"	"Linhas de limite do conjunto de equipamentos mecânicos"
-2000996	"OST_ShaftOpening"	"Model"	"Shaft Openings"	"Aberturas de shaft"
-2001000	"OST_Casework"	"Model"	"Casework"	"Componentes de gabinete"
-2001001	"OST_MEPSystemZone"	"AnalyticalModel"	"System-Zones"	"Zonas do sistema"
-2001007	"OST_MEPSystemZoneTags"	"Annotation"	"System-Zone Tags"	"Identificadores da zona do sistema"
-2001008	"OST_MEPAnalyticalAirLoop"	"Model"	"Air Systems"	"Sistemas de ar"
-2001009	"OST_MEPAnalyticalWaterLoop"	"Model"	"Water Loops"	"Ciclos de água"
-2001010	"OST_ZoneEquipment"	"Model"	"Zone Equipment"	"Equipamento de zona"
-2001012	"OST_Alignments"	"Annotation"	"Alignments"	"Alinhamentos"
-2001015	"OST_AlignmentsTags"	"Annotation"	"Alignment Tags"	"Identificadores de alinhamentos"
-2001016	"OST_AlignmentStationLabelSets"	"Annotation"	"Alignment Station Label Sets"	"Conjuntos de legendas da estaca de alinhamento"
-2001017	"OST_AlignmentStationLabels"	"Annotation"	"Alignment Station Labels"	"Legendas da estaca de alinhamento"
-2001020	"OST_ElectricalLoadZoneInstance"	"AnalyticalModel"	"Electrical Analytical Loads"	"Cargas analíticas elétricas"
-2001021	"OST_MEPAnalyticalBus"	"Model"	"Electrical Analytical Bus"	"Barramento analítico elétrico"
-2001023	"OST_MEPAnalyticalTransferSwitch"	"Model"	"Electrical Analytical Transfer Switch"	"Comando de transferência analítico elétrico"
-2001024	"OST_MEPLoadAreas"	"AnalyticalModel"	"Electrical Load Areas"	"Áreas de carga elétrica"
-2001026	"OST_ElectricalPowerSource"	"Model"	"Electrical Analytical Power Source"	"Fonte de alimentação analítica elétrica"
-2001036	"OST_Hardscape"	"Model"	"Hardscape"	"Paisagismo duro"
-2001038	"OST_HardscapeTags"	"Annotation"	"Hardscape Tags"	"Identificadores de paisagem"
-2001039	"OST_TemporaryStructure"	"Model"	"Temporary Structures"	"Estruturas temporárias"
-2001040	"OST_ElectricalEquipment"	"Model"	"Electrical Equipment"	"Equipamento elétrico"
-2001042	"OST_TemporaryStructureTags"	"Annotation"	"Temporary Structure Tags"	"Identificadores de estruturas temporárias"
-2001043	"OST_FoodServiceEquipment"	"Model"	"Food Service Equipment"	"Equipamento de serviço de comida"
-2001045	"OST_FoodServiceEquipmentTags"	"Annotation"	"Food Service Equipment Tags"	"Identificadores de equipamentos de serviço de comida"
-2001046	"OST_MedicalEquipment"	"Model"	"Medical Equipment"	"Equipamento médico"
-2001048	"OST_MedicalEquipmentTags"	"Annotation"	"Medical Equipment Tags"	"Identificadores de equipamento médico"
-2001049	"OST_FireProtection"	"Model"	"Fire Protection"	"Proteção contra incêndio"
-2001051	"OST_FireProtectionTags"	"Annotation"	"Fire Protection Tags"	"Identificadores de proteção contra incêndio"
-2001052	"OST_VerticalCirculation"	"Model"	"Vertical Circulation"	"Circulação vertical"
-2001054	"OST_VerticalCirculationTags"	"Annotation"	"Vertical Circulation Tags"	"Identificadores de circulação vertical"
-2001055	"OST_AudioVisualDevices"	"Model"	"Audio Visual Devices"	"Dispositivos audiovisuais"
-2001057	"OST_AudioVisualDeviceTags"	"Annotation"	"Audio Visual Device Tags"	"Identificadores de dispositivos audiovisuais"
-2001058	"OST_Signage"	"Model"	"Signage"	"Letreiros"
-2001060	"OST_ElectricalFixtures"	"Model"	"Electrical Fixtures"	"Dispositivos elétricos"
-2001061	"OST_SignageTags"	"Annotation"	"Signage Tags"	"Identificadores de letreiros"
-2001062	"OST_FasciaTags"	"Annotation"	"Fascia Tags"	"Identificadores de borda"
-2001063	"OST_ColumnTags"	"Annotation"	"Column Tags"	"Identificadores de coluna"
-2001064	"OST_EntourageTags"	"Annotation"	"Entourage Tags"	"Identificadores de entorno"
-2001065	"OST_GutterTags"	"Annotation"	"Gutter Tags"	"Identificadores de calha"
-2001066	"OST_HandrailTags"	"Annotation"	"Handrail Tags"	"Identificadores de corrimão"
-2001067	"OST_PadTags"	"Annotation"	"Pad Tags"	"Identificadores de plataforma"
-2001068	"OST_RampTags"	"Annotation"	"Ramp Tags"	"Identificadores de rampa"
-2001069	"OST_RoofSoffitTags"	"Annotation"	"Roof Soffit Tags"	"Identificadores de intradorso de telhado"
-2001070	"OST_SlabEdgeTags"	"Annotation"	"Slab Edge Tags"	"Identificadores de aresta de laje"
-2001071	"OST_TopRailTags"	"Annotation"	"Top Rail Tags"	"Identificadores de corrimão superior"
-2001072	"OST_WallSweepTags"	"Annotation"	"Wall Sweep Tags"	"Identificadores de varredura de parede"
-2001073	"OST_ModelGroupTags"	"Annotation"	"Model Group Tags"	"Identificadores de grupos de modelos"
-2001074	"OST_RvtLinksTags"	"Annotation"	"RVT Link Tags"	"Identificadores de vínculos RVT"
-2001077	"OST_ElectricalAnalyticalTransformer"	"Model"	"Electrical Analytical Transformer"	"Transformador analítico elétrico"
-2001078	"OST_ELECTRICAL_AreaBasedLoads_Tags"	"Annotation"	"Area Based Load Tags"	"Identificadores de carga com base na área"
-2001079	"OST_Toposolid"	"Model"	"Toposolid"	"Sólido topográfico"
-2001094	"OST_ToposolidTags"	"Annotation"	"Toposolid Tags"	"Identificadores de sólidos topográficos"
-2001098	"OST_ElectricalLoadSet"	"Model"	"Electrical Analytical Load Set"	"Conjunto de carga analítica elétrica"
-2001100	"OST_FurnitureSystems"	"Model"	"Furniture Systems"	"Sistema de mobiliário"
-2001103	"OST_ToposolidLinkTags"	"Annotation"	"Toposolid Link Tags"	"Identificadores de vínculos de sólidos topográficos"
-2001104	"OST_RebarBendingDetails"	"Annotation"	"Structural Rebar Bending Details"	"Detalhe da curvatura do vergalhão estrutural"
-2001107	"OST_DataExchanges"	"Model"	"Data Exchanges"	"Intercâmbios de dados"
-2001113	"OST_PipeAnalyticalSegments"	"AnalyticalModel"	"Analytical Pipe Segments"	"Segmentos de tubulação analítica"
-2001114	"OST_PipeAnalyticalSegmentTags"	"Annotation"	"Analytical Pipe Segment Tags"	"Identificadores de segmentos de tubulação analítica"
-2001115	"OST_DuctAnalyticalSegments"	"AnalyticalModel"	"Analytical Duct Segments"	"Segmentos de duto analítico"
-2001116	"OST_DuctAnalyticalSegmentTags"	"Annotation"	"Analytical Duct Segment Tags"	"Identificadores de segmentos de duto analítico"
-2001120	"OST_LightingFixtures"	"Model"	"Lighting Fixtures"	"Luminárias"
-2001140	"OST_MechanicalEquipment"	"Model"	"Mechanical Equipment"	"Equipamento mecânico"
-2001160	"OST_PlumbingFixtures"	"Model"	"Plumbing Fixtures"	"Peças hidrossanitárias"
-2001180	"OST_Parking"	"Model"	"Parking"	"Estacionamento"
-2001220	"OST_Roads"	"Model"	"Roads"	"Estradas"
-2001221	"OST_RoadTags"	"Annotation"	"Road Tags"	"Identificadores de estrada"
-2001260	"OST_Site"	"Model"	"Site"	"Terreno"
-2001267	"OST_SitePropertyTags"	"Annotation"	"Property Tags"	"Identificadores de propriedade"
-2001269	"OST_SitePropertyLineSegmentTags"	"Annotation"	"Property Line Segment Tags"	"Identificadores de linha de segmento de propriedade"
-2001300	"OST_StructuralFoundation"	"Model"	"Structural Foundations"	"Fundações estruturais"
-2001320	"OST_StructuralFraming"	"Model"	"Structural Framing"	"Quadro estrutural"
-2001327	"OST_StructuralFramingSystem"	"Model"	"Structural Beam Systems"	"Sistema de viga estrutural"
-2001330	"OST_StructuralColumns"	"Model"	"Structural Columns"	"Pilares estruturais"
-2001336	"OST_StructuralTruss"	"Model"	"Structural Trusses"	"Treliças estruturais"
-2001340	"OST_Topography"	"Model"	"Topography"	"Topografia"
-2001350	"OST_SpecialityEquipment"	"Model"	"Specialty Equipment"	"Equipamento especial"
-2001352	"OST_RvtLinks"	"Model"	"RVT Links"	"Vínculos RVT"
-2001354	"OST_StructuralStiffener"	"Model"	"Structural Stiffeners"	"Enrijecedores estruturais"
-2001355	"OST_StructuralStiffenerTags"	"Annotation"	"Structural Stiffener Tags"	"Identificadores de enrijecedores estruturais"
-2001360	"OST_Planting"	"Model"	"Planting"	"Vegetação"
-2001370	"OST_Entourage"	"Model"	"Entourage"	"Ambiente"
-2002000	"OST_DetailComponents"	"Model"	"Detail Items"	"Itens de detalhe"
-2003100	"OST_Sheets"	"Model"	"Sheets"	"Folhas"
-2003101	"OST_ProjectInformation"	"Model"	"Project Information"	"Informações do projeto"
-2003200	"OST_Areas"	"Model"	"Areas"	"Áreas"
-2003400	"OST_Mass"	"Model"	"Mass"	"Massa"
-2003405	"OST_MassTags"	"Annotation"	"Mass Tags"	"Identificadores de massa"
-2003410	"OST_MassAreaFaceTags"	"Annotation"	"Mass Floor Tags"	"Identificadores de piso de massa"
-2003600	"OST_MEPSpaces"	"Model"	"Spaces"	"Espaços"
-2005001	"OST_CaseworkTags"	"Annotation"	"Casework Tags"	"Identificadores de componentes de gabinete"
-2005002	"OST_CeilingTags"	"Annotation"	"Ceiling Tags"	"Identificadores de forro"
-2005003	"OST_ElectricalEquipmentTags"	"Annotation"	"Electrical Equipment Tags"	"Identificadores de equipamento elétrico"
-2005004	"OST_ElectricalFixtureTags"	"Annotation"	"Electrical Fixture Tags"	"Identificadores de dispositivos elétricos"
-2005006	"OST_FurnitureTags"	"Annotation"	"Furniture Tags"	"Identificadores de mobiliário"
-2005007	"OST_FurnitureSystemTags"	"Annotation"	"Furniture System Tags"	"Identificadores do sistema de mobiliário"
-2005008	"OST_LightingFixtureTags"	"Annotation"	"Lighting Fixture Tags"	"Identificadores de luminária"
-2005009	"OST_MechanicalEquipmentTags"	"Annotation"	"Mechanical Equipment Tags"	"Identificadores de equipamento mecânico"
-2005010	"OST_PlumbingFixtureTags"	"Annotation"	"Plumbing Fixture Tags"	"Identificadores de peça hidrossanitária"
-2005011	"OST_WallTags"	"Annotation"	"Wall Tags"	"Identificadores de parede"
-2005012	"OST_CurtainWallPanelTags"	"Annotation"	"Curtain Panel Tags"	"Identificadores de painel cortina"
-2005013	"OST_GenericModelTags"	"Annotation"	"Generic Model Tags"	"Identificadores de modelo genérico"
-2005014	"OST_SpecialityEquipmentTags"	"Annotation"	"Specialty Equipment Tags"	"Identificadores de equipamentos especiais"
-2005015	"OST_StructuralFramingTags"	"Annotation"	"Structural Framing Tags"	"Identificadores de quadro estrutural"
-2005016	"OST_SiteTags"	"Annotation"	"Site Tags"	"Identificadores de terreno"
-2005017	"OST_ParkingTags"	"Annotation"	"Parking Tags"	"Identificadores de estacionamento"
-2005018	"OST_StructuralColumnTags"	"Annotation"	"Structural Column Tags"	"Identificadores de pilar estrutural"
-2005019	"OST_StructuralFoundationTags"	"Annotation"	"Structural Foundation Tags"	"Identificadores de fundação estrutural"
-2005020	"OST_AreaTags"	"Annotation"	"Area Tags"	"Identificadores de área"
-2005021	"OST_PlantingTags"	"Annotation"	"Planting Tags"	"Identificador de vegetação"
-2005022	"OST_MultiCategoryTags"	"Annotation"	"Multi-Category Tags"	"Identificadores de múltiplas categorias"
-2005023	"OST_StairsTags"	"Annotation"	"Stair Tags"	"Identificadores de escadas"
-2005025	"OST_CurtaSystemTags"	"Annotation"	"Curtain System Tags"	"Identificadores do sistema de parede cortina"
-2005026	"OST_FloorTags"	"Annotation"	"Floor Tags"	"Identificadores de piso"
-2005027	"OST_MaterialTags"	"Annotation"	"Material Tags"	"Identificadores de material"
-2005028	"OST_DetailComponentTags"	"Annotation"	"Detail Item Tags"	"Identificadores de item de detalhe"
-2005029	"OST_KeynoteTags"	"Annotation"	"Keynote Tags"	"Identificadores de nota-chave"
-2005030	"OST_TrussTags"	"Annotation"	"Structural Truss Tags"	"Identificadores de treliça estrutural"
-2005032	"OST_CurtainWallMullionTags"	"Annotation"	"Curtain Wall Mullion Tags"	"Identificadores do montante da parede cortina"
-2005100	"OST_SpotElevSymbols"	"Annotation"	"Spot Elevation Symbols"	"Símbolos de cota de elevação"
-2005110	"OST_SpanDirectionSymbol"	"Annotation"	"Span Direction Symbol"	"Símbolo de direção do vão"
-2005111	"OST_FootingSpanDirectionSymbol"	"Annotation"	"Foundation Span Direction Symbol"	"Símbolo de direção da expansão da fundação"
-2005130	"OST_BeamSystemTags"	"Annotation"	"Structural Beam System Tags"	"Identificadores do sistema de viga estrutural"
-2005200	"OST_Loads"	"AnalyticalModel"	"Structural Loads"	"Cargas estruturais"
-2005204	"OST_InternalLoads"	"AnalyticalModel"	"Structural Internal Loads"	"Cargas internas estruturais"
-2005210	"OST_LoadCases"	"AnalyticalModel"	"Structural Load Cases"	"Casos de carga estrutural"
-2005250	"OST_PointLoadTags"	"Annotation"	"Point Load Tags"	"Identificadores da carga do ponto"
-2005251	"OST_LineLoadTags"	"Annotation"	"Line Load Tags"	"Identificadores de cargas de linha"
-2005252	"OST_AreaLoadTags"	"Annotation"	"Area Load Tags"	"Identificadores de cargas de área"
-2005253	"OST_InternalPointLoadTags"	"Annotation"	"Internal Point Load Tags"	"Identificadores de carga concentrada interna"
-2005254	"OST_InternalLineLoadTags"	"Annotation"	"Internal Line Load Tags"	"Identificadores de cargas de linha internas"
-2005255	"OST_InternalAreaLoadTags"	"Annotation"	"Internal Area Load Tags"	"Identificadores de cargas de área internas"
-2005301	"OST_BoundaryConditions"	"AnalyticalModel"	"Boundary Conditions"	"Condições do limite"
-2006000	"OST_VolumeOfInterest"	"Annotation"	"Scope Boxes"	"Caixas de escopo"
-2006020	"OST_LevelHeads"	"Annotation"	"Level Heads"	"Extremidades de nível"
-2006040	"OST_GridHeads"	"Annotation"	"Grid Heads"	"Extremidades iniciais do eixo"
-2006045	"OST_ElevationMarks"	"Annotation"	"Elevation Marks"	"Marcas de elevação"
-2006060	"OST_RevisionClouds"	"Annotation"	"Revision Clouds"	"Nuvens de revisão"
-2006080	"OST_RevisionCloudTags"	"Annotation"	"Revision Cloud Tags"	"Identificadores de nuvem de revisão"
-2006090	"OST_StructuralAnnotations"	"Annotation"	"Structural Annotations"	"Anotações estruturais"
-2006100	"OST_StructConnectionSymbols"	"Annotation"	"Connection Symbols"	"Símbolos de conexão"
-2006110	"OST_StructuralBracePlanReps"	"Annotation"	"Brace in Plan View Symbols"	"Contraventamentos em símbolos da vista de planta"
-2006130	"OST_BridgeAbutments"	"Model"	"Abutments"	"Encontros"
-2006131	"OST_BridgePiers"	"Model"	"Piers"	"Pilares"
-2006133	"OST_BridgeCables"	"Model"	"Bridge Cables"	"Cabos da ponte"
-2006135	"OST_BridgeDecks"	"Model"	"Bridge Decks"	"Tabuleiros da ponte"
-2006138	"OST_BridgeBearings"	"Model"	"Bearings"	"Aparelhos de apoio"
-2006170	"OST_BridgeAbutmentTags"	"Annotation"	"Abutment Tags"	"Identificadores de encontros"
-2006171	"OST_BridgePierTags"	"Annotation"	"Pier Tags"	"Identificadores dos pilares"
-2006172	"OST_BridgeTowerTags"	"Annotation"	"Pier Tower Tags"	"Identificadores das torres do pilar"
-2006173	"OST_BridgeCableTags"	"Annotation"	"Bridge Cable Tags"	"Identificadores dos cabos da ponte"
-2006175	"OST_BridgeDeckTags"	"Annotation"	"Bridge Deck Tags"	"Identificadores de tabuleiros da ponte"
-2006176	"OST_BridgeFoundationTags"	"Annotation"	"Pier Foundation Tags"	"Identificadores das fundações do pilar"
-2006178	"OST_BridgeBearingTags"	"Annotation"	"Bearing Tags"	"Identificadores dos aparelhos de apoio"
-2006208	"OST_AbutmentFoundationTags"	"Annotation"	"Abutment Foundation Tags"	"Identificadores das fundações dos encontros"
-2006209	"OST_AbutmentPileTags"	"Annotation"	"Abutment Pile Tags"	"Identificadores dos pilares de encontro"
-2006210	"OST_AbutmentWallTags"	"Annotation"	"Abutment Wall Tags"	"Identificadores das paredes de apoio"
-2006211	"OST_ApproachSlabTags"	"Annotation"	"Approach Slab Tags"	"Identificadores das lajes de aproximação"
-2006220	"OST_PierCapTags"	"Annotation"	"Pier Cap Tags"	"Identificadores das coberturas do pilar"
-2006222	"OST_PierColumnTags"	"Annotation"	"Pier Column Tags"	"Identificadores das colunas do pilar"
-2006226	"OST_PierPileTags"	"Annotation"	"Pier Pile Tags"	"Identificadores das estacas do pilar"
-2006230	"OST_PierWallTags"	"Annotation"	"Pier Wall Tags"	"Identificadores das paredes do pilar"
-2006241	"OST_BridgeFraming"	"Model"	"Bridge Framing"	"Estrutura de ponte"
-2006243	"OST_BridgeFramingTags"	"Annotation"	"Bridge Framing Tags"	"Identificadores das estruturas de ponte"
-2006261	"OST_VibrationManagement"	"Model"	"Vibration Management"	"Gerenciamento de vibrações"
-2006264	"OST_VibrationDamperTags"	"Annotation"	"Vibration Damper Tags"	"Identificadores dos amortecedores de vibrações"
-2006266	"OST_VibrationIsolatorTags"	"Annotation"	"Vibration Isolator Tags"	"Identificadores dos isoladores de vibração"
-2006271	"OST_ExpansionJoints"	"Model"	"Expansion Joints"	"Juntas de expansão"
-2006273	"OST_ExpansionJointTags"	"Annotation"	"Expansion Joint Tags"	"Identificadores das juntas de expansão"
-2006274	"OST_StructuralTendons"	"Model"	"Structural Tendons"	"Tendões estruturais"
-2006276	"OST_StructuralTendonTags"	"Annotation"	"Structural Tendon Tags"	"Identificadores dos tendões estruturais"
-2006278	"OST_BridgeFramingCrossBracingTags"	"Annotation"	"Bridge Cross Bracing Tags"	"Identificadores de contraventamento cruzado de ponte"
-2006279	"OST_BridgeFramingDiaphragmTags"	"Annotation"	"Bridge Diaphragm Tags"	"Identificadores de diafragma de ponte"
-2006281	"OST_BridgeFramingTrussTags"	"Annotation"	"Bridge Truss Tags"	"Identificadores de treliça de ponte"
-2006282	"OST_VibrationManagementTags"	"Annotation"	"Vibration Management Tags"	"Identificadores de gerenciamento de vibrações"
-2007004	"OST_DuctColorFillLegends"	"Annotation"	"Duct Color Fill Legends"	"Legendas de preenchimento de cores de duto"
-2008000	"OST_DuctCurves"	"Model"	"Ducts"	"Dutos"
-2008003	"OST_DuctTags"	"Annotation"	"Duct Tags"	"Identificadores de duto"
-2008004	"OST_FlexDuctTags"	"Annotation"	"Flex Duct Tags"	"Identificadores de duto flexível"
-2008005	"OST_DuctColorFills"	"Annotation"	"Duct Color Fill"	"Preenchimento de cores de duto"
-2008010	"OST_DuctFitting"	"Model"	"Duct Fittings"	"Conexões de duto"
-2008013	"OST_DuctTerminal"	"Model"	"Air Terminals"	"Terminais de ar"
-2008014	"OST_DuctTerminalTags"	"Annotation"	"Air Terminal Tags"	"Identificadores de terminal de ar"
-2008015	"OST_DuctSystem"	"Model"	"Duct Systems"	"Sistemas de duto"
-2008016	"OST_DuctAccessory"	"Model"	"Duct Accessories"	"Acessórios de duto"
-2008017	"OST_DuctAccessoryTags"	"Annotation"	"Duct Accessory Tags"	"Identificadores de acessório de duto"
-2008020	"OST_FlexDuctCurves"	"Model"	"Flex Ducts"	"Dutos flexíveis"
-2008037	"OST_ElectricalCircuit"	"Model"	"Electrical Circuits"	"Circuitos elétricos"
-2008039	"OST_Wire"	"Model"	"Wires"	"Fiação"
-2008043	"OST_PipingSystem"	"Model"	"Piping Systems"	"Sistemas de tubulação"
-2008044	"OST_PipeCurves"	"Model"	"Pipes"	"Tubulação"
-2008047	"OST_PipeTags"	"Annotation"	"Pipe Tags"	"Identificadores de tubo"
-2008048	"OST_FlexPipeTags"	"Annotation"	"Flex Pipe Tags"	"Identificadores de tubo flexível"
-2008049	"OST_PipeFitting"	"Model"	"Pipe Fittings"	"Conexões de tubo"
-2008050	"OST_FlexPipeCurves"	"Model"	"Flex Pipes"	"Tubulação flexível"
-2008055	"OST_PipeAccessory"	"Model"	"Pipe Accessories"	"Acessórios do tubo"
-2008056	"OST_PipeAccessoryTags"	"Annotation"	"Pipe Accessory Tags"	"Identificadores de acessório de tubo"
-2008057	"OST_WireTags"	"Annotation"	"Wire Tags"	"Identificadores da fiação"
-2008058	"OST_PipeColorFillLegends"	"Annotation"	"Pipe Color Fill Legends"	"Legendas de preenchimento de cores de tubo"
-2008059	"OST_PipeColorFills"	"Annotation"	"Pipe Color Fill"	"Preenchimento de cores de tubo"
-2008060	"OST_PipeFittingTags"	"Annotation"	"Pipe Fitting Tags"	"Identificadores de conexão de tubo"
-2008061	"OST_DuctFittingTags"	"Annotation"	"Duct Fitting Tags"	"Identificadores de conexão de duto"
-2008075	"OST_TelephoneDevices"	"Model"	"Telephone Devices"	"Dispositivos de telefonia"
-2008076	"OST_TelephoneDeviceTags"	"Annotation"	"Telephone Device Tags"	"Identificadores de dispositivo de telefonia"
-2008077	"OST_NurseCallDevices"	"Model"	"Nurse Call Devices"	"Dispositivos de chamada de enfermeira"
-2008078	"OST_NurseCallDeviceTags"	"Annotation"	"Nurse Call Device Tags"	"Identificadores de dispositivo de chamada de enfermeira"
-2008079	"OST_SecurityDevices"	"Model"	"Security Devices"	"Dispositivos de segurança"
-2008080	"OST_SecurityDeviceTags"	"Annotation"	"Security Device Tags"	"Identificadores de dispositivo de segurança"
-2008081	"OST_CommunicationDevices"	"Model"	"Communication Devices"	"Dispositivos de comunicação"
-2008082	"OST_CommunicationDeviceTags"	"Annotation"	"Communication Device Tags"	"Identificadores de dispositivo de comunicação"
-2008083	"OST_DataDevices"	"Model"	"Data Devices"	"Dispositivos de dados"
-2008084	"OST_DataDeviceTags"	"Annotation"	"Data Device Tags"	"Identificadores de dispositivo de dados"
-2008085	"OST_FireAlarmDevices"	"Model"	"Fire Alarm Devices"	"Dispositivos de alarme de incêndio"
-2008086	"OST_FireAlarmDeviceTags"	"Annotation"	"Fire Alarm Device Tags"	"Identificadores de dispositivo de alarme de incêndio"
-2008087	"OST_LightingDevices"	"Model"	"Lighting Devices"	"Dispositivos de iluminação"
-2008088	"OST_LightingDeviceTags"	"Annotation"	"Lighting Device Tags"	"Identificadores de dispositivo de iluminação"
-2008099	"OST_Sprinklers"	"Model"	"Sprinklers"	"Sprinklers"
-2008100	"OST_SprinklerTags"	"Annotation"	"Sprinkler Tags"	"Identificadores de sprinkler"
-2008101	"OST_SwitchSystem"	"Model"	"Switch System"	"Sistema de comando"
-2008107	"OST_HVAC_Zones"	"Model"	"HVAC Zones"	"Zonas AVAC"
-2008115	"OST_ZoneTags"	"Annotation"	"Zone Tags"	"Identificadores de zona"
-2008119	"OST_HVAC_Load_Space_Types"	"Internal"	"Space Type Settings"	"Configurações de tipo de espaço"
-2008120	"OST_HVAC_Load_Building_Types"	"Internal"	"Building Type Settings"	"Configurações de tipo de construção"
-2008122	"OST_PipeInsulations"	"Model"	"Pipe Insulations"	"Isolamentos da tubulação"
-2008123	"OST_DuctInsulations"	"Model"	"Duct Insulations"	"Isolamentos do duto"
-2008124	"OST_DuctLinings"	"Model"	"Duct Linings"	"Revestimentos do duto"
-2008125	"OST_RoutingPreferences"	"Model"	"Routing Preferences"	"Preferências de roteamento"
-2008126	"OST_CableTrayFitting"	"Model"	"Cable Tray Fittings"	"Conexões da bandeja de cabos"
-2008127	"OST_CableTrayFittingTags"	"Annotation"	"Cable Tray Fitting Tags"	"Identificadores de conexão da bandeja de cabos"
-2008128	"OST_ConduitFitting"	"Model"	"Conduit Fittings"	"Conexões do conduite"
-2008129	"OST_ConduitFittingTags"	"Annotation"	"Conduit Fitting Tags"	"Identificadores da conexão do conduite"
-2008130	"OST_CableTray"	"Model"	"Cable Trays"	"Bandejas de cabos"
-2008131	"OST_CableTrayTags"	"Annotation"	"Cable Tray Tags"	"Identificadores da bandeja de cabos"
-2008132	"OST_Conduit"	"Model"	"Conduits"	"Conduites"
-2008133	"OST_ConduitTags"	"Annotation"	"Conduit Tags"	"Identificadores de conduite"
-2008149	"OST_ConduitRun"	"Model"	"Conduit Runs"	"Direções do conduite"
-2008150	"OST_CableTrayRun"	"Model"	"Cable Tray Runs"	"Direções da bandeja de cabos"
-2008151	"OST_PanelScheduleGraphics"	"Annotation"	"Panel Schedule Graphics"	"Gráficos da tabela de painéis"
-2008152	"OST_ElectricalInternalCircuits"	"Model"	"Electrical Spare/Space Circuits"	"Peças elétricas de reposição/Circuitos de reposição"
-2008153	"OST_DuctInsulationsTags"	"Annotation"	"Duct Insulation Tags"	"Identificadores de isolamento de duto"
-2008154	"OST_DuctLiningsTags"	"Annotation"	"Duct Lining Tags"	"Identificadores de revestimento do duto"
-2008155	"OST_PipeInsulationsTags"	"Annotation"	"Pipe Insulation Tags"	"Identificadores de isolamento da tubulação"
-2008160	"OST_PlaceHolderDucts"	"Model"	"Duct Placeholders"	"Marcadores de posição de duto"
-2008161	"OST_PlaceHolderPipes"	"Model"	"Pipe Placeholders"	"Marcadores de posição de tubulação"
-2008163	"OST_PipeSegments"	"Model"	"Pipe Segments"	"Segmentos de tubulação"
-2008185	"OST_AnalyticSpaces"	"AnalyticalModel"	"Analytical Spaces"	"Espaços analíticos"
-2008186	"OST_AnalyticSurfaces"	"AnalyticalModel"	"Analytical Surfaces"	"Superfícies analíticas"
-2008193	"OST_FabricationDuctwork"	"Model"	"MEP Fabrication Ductwork"	"Sistema de duto de fabricação MEP"
-2008194	"OST_FabricationDuctworkTags"	"Annotation"	"MEP Fabrication Ductwork Tags"	"Identificadores de sistema de duto de fabricação MEP"
-2008203	"OST_FabricationHangers"	"Model"	"MEP Fabrication Hangers"	"Tirantes de fabricação MEP"
-2008204	"OST_FabricationHangerTags"	"Annotation"	"MEP Fabrication Hanger Tags"	"Identificadores do tirante de fabricação MEP"
-2008208	"OST_FabricationPipework"	"Model"	"MEP Fabrication Pipework"	"Tubulações de fabricação MEP"
-2008209	"OST_FabricationPipeworkTags"	"Annotation"	"MEP Fabrication Pipework Tags"	"Identificadores de tubulação de fabricação MEP"
-2008212	"OST_FabricationContainment"	"Model"	"MEP Fabrication Containment"	"Containers de fabricação MEP"
-2008213	"OST_FabricationContainmentTags"	"Annotation"	"MEP Fabrication Containment Tags"	"Identificadores de containers de fabricação MEP"
-2008228	"OST_FabricationDuctworkStiffeners"	"Model"	"MEP Fabrication Ductwork Stiffeners"	"Enrijecedores de dutos de fabricação MEP"
-2008229	"OST_FabricationDuctworkStiffenerTags"	"Annotation"	"MEP Fabrication Ductwork Stiffener Tags"	"Identificadores dos enrijecedores de dutos de fabricação MEP"
-2008231	"OST_MEPAncillaryFraming"	"Model"	"MEP Ancillary Framing"	"Estrutura auxiliar MEP"
-2008232	"OST_MechanicalControlDevices"	"Model"	"Mechanical Control Devices"	"Dispositivos de controle mecânico"
-2008233	"OST_MechanicalControlDeviceTags"	"Annotation"	"Mechanical Control Device Tags"	"Identificadores de dispositivos de controle mecânico"
-2008234	"OST_PlumbingEquipment"	"Model"	"Plumbing Equipment"	"Equipamento hidráulico"
-2008235	"OST_PlumbingEquipmentTags"	"Annotation"	"Plumbing Equipment Tags"	"Identificadores de equipamentos hidráulicos"
-2008236	"OST_MEPAncillaryFramingTags"	"Annotation"	"MEP Ancillary Framing Tags"	"Identificadores de esqueleto auxiliar MEP"
-2009000	"OST_Rebar"	"Model"	"Structural Rebar"	"Vergalhão estrutural"
-2009003	"OST_AreaRein"	"Model"	"Structural Area Reinforcement"	"Armadura estrutural da área"
-2009005	"OST_AreaReinSpanSymbol"	"Annotation"	"Structural Area Reinforcement Symbols"	"Símbolos de armadura estrutural da área"
-2009009	"OST_PathRein"	"Model"	"Structural Path Reinforcement"	"Armadura do caminho estrutural"
-2009010	"OST_PathReinSpanSymbol"	"Annotation"	"Structural Path Reinforcement Symbols"	"Símbolos da armadura do caminho estrutural"
-2009011	"OST_PathReinTags"	"Annotation"	"Structural Path Reinforcement Tags"	"Identificadores da armadura do caminho estrutural"
-2009013	"OST_RebarShape"	"Model"	"Rebar Shape"	"Formato do vergalhão"
-2009015	"OST_RebarCover"	"Annotation"	"Rebar Cover References"	"Referências de recobrimento de vergalhão"
-2009016	"OST_FabricReinforcement"	"Model"	"Structural Fabric Reinforcement"	"Armadura da tela soldada estrutural"
-2009017	"OST_FabricAreas"	"Model"	"Structural Fabric Areas"	"Áreas de tela soldada estrutural"
-2009020	"OST_RebarTags"	"Annotation"	"Structural Rebar Tags"	"Identificadores de vergalhão estrutural"
-2009021	"OST_AreaReinTags"	"Annotation"	"Structural Area Reinforcement Tags"	"Identificadores de armadura estrutural da área"
-2009022	"OST_FabricReinforcementTags"	"Annotation"	"Structural Fabric Reinforcement Tags"	"Identificadores de armadura da tela soldada estrutural"
-2009025	"OST_RebarSetToggle"	"Annotation"	"Rebar Set Toggle"	"Alternar o conjunto de vergalhão"
-2009028	"OST_FabricReinSpanSymbol"	"Annotation"	"Structural Fabric Reinforcement Symbols"	"Símbolos de armadura de tela soldada estrutural"
-2009030	"OST_StructConnections"	"Model"	"Structural Connections"	"Conexões estruturais"
-2009040	"OST_StructConnectionTags"	"Annotation"	"Structural Connection Tags"	"Identificadores de conexão estrutural"
-2009055	"OST_StructConnectionPlateTags"	"Annotation"	"Plate Tags"	"Identificadores de placa"
-2009056	"OST_StructConnectionBoltTags"	"Annotation"	"Bolt Tags"	"Identificadores de parafuso"
-2009057	"OST_StructConnectionAnchorTags"	"Annotation"	"Anchor Tags"	"Identificadores de âncora"
-2009058	"OST_StructConnectionShearStudTags"	"Annotation"	"Shear Stud Tags"	"Identificadores de conector"
-2009059	"OST_StructConnectionWeldTags"	"Annotation"	"Weld Tags"	"Identificadores de solda"
-2009060	"OST_Coupler"	"Model"	"Structural Rebar Couplers"	"Acopladores do vergalhão estrutural"
-2009061	"OST_CouplerTags"	"Annotation"	"Structural Rebar Coupler Tags"	"Identificadores do acoplador de vergalhão estrutural"
-2009063	"OST_StructConnectionHoleTags"	"Annotation"	"Hole Tags"	"Identificadores de furo"
-2009064	"OST_StructConnectionProfilesTags"	"Annotation"	"Profile Tags"	"Identificadores de perfil"
-2009645	"OST_AnalyticalNodes"	"AnalyticalModel"	"Analytical Nodes"	"Nós analíticos"
-2009657	"OST_LinksAnalytical"	"AnalyticalModel"	"Analytical Links"	"Vínculos analíticos"
-2009662	"OST_AnalyticalMember"	"AnalyticalModel"	"Analytical Members"	"Membros analíticos"
-2009663	"OST_AnalyticalMemberTags"	"Annotation"	"Analytical Member Tags"	"Identificadores de membros analíticos"
-2009664	"OST_AnalyticalPanel"	"AnalyticalModel"	"Analytical Panels"	"Painéis analíticos"
-2009665	"OST_AnalyticalOpening"	"AnalyticalModel"	"Analytical Openings"	"Aberturas analíticas"
-2010001	"OST_PointClouds"	"Model"	"Point Clouds"	"Nuvens de ponto"